<?xml version="1.0" encoding="UTF-8"?>

<beans xmlns="http://www.springframework.org/schema/beans"

         xmlns:xsi="http://www.w3.org/2001/XMLSchema-instance" xmlns:jee="http://www.springframework.org/schema/jee"

         xmlns:context="http://www.springframework.org/schema/context" xmlns:p="http://www.springframework.org/schema/p"

         xmlns:mvc="http://www.springframework.org/schema/mvc" xmlns:util="http://www.springframework.org/schema/util"

         xsi:schemaLocation="http://www.springframework.org/schema/beans

                                           http://www.springframework.org/schema/beans/spring-beans-4.1.xsd

                                                   http://www.springframework.org/schema/context

                                                   http://www.springframework.org/schema/context/spring-context-4.0.xsd

                                                   http://www.springframework.org/schema/jee

                                                        http://www.springframework.org/schema/jee/spring-jee-4.1.xsd

                                                        http://www.springframework.org/schema/mvc

                                                   http://www.springframework.org/schema/mvc/spring-mvc-4.1.xsd

                                                   http://www.springframework.org/schema/util 

                                                   http://www.springframework.org/schema/util/spring-util-4.1.xsd">
    
    <bean id="PropertiesConfigurer"
        class="org.springframework.beans.factory.config.PropertyPlaceholderConfigurer">
        <property name="locations">
            <list>
                <value>classpath:log4j.properties</value>
                <value>classpath:jdbc.properties</value>
            </list>
        </property>
    </bean>

    <bean id="dataSource" class="com.mchange.v2.c3p0.ComboPooledDataSource" destroy-method="close">
        <property name="driverClass" value="${jdbc.driverClassName}" />
        <property name="jdbcUrl" value="${jdbc.url}" />
        <property name="user" value="${jdbc.username}" />
        <property name="password" value="${jdbc.password}" />
    </bean>
    
    <!-- SqlSessionFactory -->
    <bean id="sqlSessionFactory" class="org.mybatis.spring.SqlSessionFactoryBean">
        <property name="dataSource" ref="dataSource" />
        <property name="configLocation" value="classpath:mybatis-config.xml" />
    </bean>
    
    <!-- Mybatis sql session -->
    <bean id="sqlSession" class="org.mybatis.spring.SqlSessionTemplate">
        <constructor-arg index="0" ref="sqlSessionFactory" />
    </bean>
    
    <!-- Mybatis mapper scanner, scans for java mapper -->
    <bean class="org.mybatis.spring.mapper.MapperScannerConfigurer">
        <property name="basePackage" value="com.tu.dao" />
        <property name="sqlSessionTemplateBeanName" value="sqlSession" />
    </bean>
</beans>