<?xml version="1.0" encoding="UTF-8"?>

<beans xmlns="http://www.springframework.org/schema/beans"

         xmlns:xsi="http://www.w3.org/2001/XMLSchema-instance" xmlns:jee="http://www.springframework.org/schema/jee"

         xmlns:context="http://www.springframework.org/schema/context" xmlns:p="http://www.springframework.org/schema/p"

         xmlns:mvc="http://www.springframework.org/schema/mvc" xmlns:util="http://www.springframework.org/schema/util"

         xsi:schemaLocation="http://www.springframework.org/schema/beans

                                           http://www.springframework.org/schema/beans/spring-beans-4.1.xsd

                                                   http://www.springframework.org/schema/context

                                                   http://www.springframework.org/schema/context/spring-context-4.0.xsd

                                                   http://www.springframework.org/schema/jee

                                                        http://www.springframework.org/schema/jee/spring-jee-4.1.xsd

                                                        http://www.springframework.org/schema/mvc

                                                   http://www.springframework.org/schema/mvc/spring-mvc-4.1.xsd

                                                   http://www.springframework.org/schema/util 

                                                   http://www.springframework.org/schema/util/spring-util-4.1.xsd">
    
    <context:annotation-config/>
    <context:component-scan base-package="com.tu.controller" />
    
	<mvc:annotation-driven/>
	
	<bean class="org.springframework.web.servlet.mvc.annotation.DefaultAnnotationHandlerMapping" />  
	<!-- 启动Spring MVC的注解功能，完成请求和注解POJO的映射 -->   
	<bean class="org.springframework.web.servlet.mvc.annotation.AnnotationMethodHandlerAdapter" />

	<bean class="org.springframework.web.servlet.view.InternalResourceViewResolver">  
        <property name="prefix">  
            <value>/WEB-INF/pages/</value>  
        </property>  
        <property name="suffix">  
            <value>.jsp</value>  
        </property>  
    </bean>  
</beans>